queue,env_name,exp_name,sensor_bundle,seed,run_idx,result,domain_randomization,cube_size_min,cube_size_max,cube_mass_dr_min,cube_mass_dr_max,cube_pos_dr_min,cube_pos_dr_max,obs_noise_level,obs_noise_scale_joint_pos,obs_noise_scale_joint_vel,obs_noise_scales_json,perturbation_enable,force_target_sinusoid,force_target_period,force_target_range_min,force_target_range_max
pinch_sweep_size_rand-20260622-195014,TesolloCubePinch,TesolloCubePinch-20260622-195023-cubepinch_sb_none_s1,none,1,0,ok,True,0.85,1.15,1.0,1.0,0.0,0.0,0.0,0.001,0.01,"{""fingertip_force_dirs"": 0.0, ""fingertip_forces"": 0.0, ""joint_pos"": 0.001, ""joint_vel"": 0.01, ""motor_targets"": 0.0}",False,,,2.0,5.0
pinch_sweep_size_rand-20260622-195014,TesolloCubePinch,TesolloCubePinch-20260622-200126-cubepinch_sb_none_s2,none,2,1,ok,True,0.85,1.15,1.0,1.0,0.0,0.0,0.0,0.001,0.01,"{""fingertip_force_dirs"": 0.0, ""fingertip_forces"": 0.0, ""joint_pos"": 0.001, ""joint_vel"": 0.01, ""motor_targets"": 0.0}",False,,,2.0,5.0
pinch_sweep_size_rand-20260622-195014,TesolloCubePinch,TesolloCubePinch-20260622-201232-cubepinch_sb_none_s3,none,3,2,ok,True,0.85,1.15,1.0,1.0,0.0,0.0,0.0,0.001,0.01,"{""fingertip_force_dirs"": 0.0, ""fingertip_forces"": 0.0, ""joint_pos"": 0.001, ""joint_vel"": 0.01, ""motor_targets"": 0.0}",False,,,2.0,5.0
pinch_sweep_size_rand-20260622-195014,TesolloCubePinch,TesolloCubePinch-20260622-202344-cubepinch_sb_baseline_s1,baseline,1,3,ok,True,0.85,1.15,1.0,1.0,0.0,0.0,0.0,0.001,0.01,"{""fingertip_force_dirs"": 0.0, ""fingertip_forces"": 0.0, ""joint_pos"": 0.001, ""joint_vel"": 0.01, ""motor_targets"": 0.0}",False,,,2.0,5.0
pinch_sweep_size_rand-20260622-195014,TesolloCubePinch,TesolloCubePinch-20260622-203506-cubepinch_sb_baseline_s2,baseline,2,4,ok,True,0.85,1.15,1.0,1.0,0.0,0.0,0.0,0.001,0.01,"{""fingertip_force_dirs"": 0.0, ""fingertip_forces"": 0.0, ""joint_pos"": 0.001, ""joint_vel"": 0.01, ""motor_targets"": 0.0}",False,,,2.0,5.0
pinch_sweep_size_rand-20260622-195014,TesolloCubePinch,TesolloCubePinch-20260622-204625-cubepinch_sb_baseline_s3,baseline,3,5,ok,True,0.85,1.15,1.0,1.0,0.0,0.0,0.0,0.001,0.01,"{""fingertip_force_dirs"": 0.0, ""fingertip_forces"": 0.0, ""joint_pos"": 0.001, ""joint_vel"": 0.01, ""motor_targets"": 0.0}",False,,,2.0,5.0
pinch_sweep_size_rand-20260622-195014,TesolloCubePinch,TesolloCubePinch-20260622-205744-cubepinch_sb_propriotarget_s1,proprio.target,1,6,ok,True,0.85,1.15,1.0,1.0,0.0,0.0,0.0,0.001,0.01,"{""fingertip_force_dirs"": 0.0, ""fingertip_forces"": 0.0, ""joint_pos"": 0.001, ""joint_vel"": 0.01, ""motor_targets"": 0.0}",False,,,2.0,5.0
pinch_sweep_size_rand-20260622-195014,TesolloCubePinch,TesolloCubePinch-20260622-210903-cubepinch_sb_propriotarget_s2,proprio.target,2,7,ok,True,0.85,1.15,1.0,1.0,0.0,0.0,0.0,0.001,0.01,"{""fingertip_force_dirs"": 0.0, ""fingertip_forces"": 0.0, ""joint_pos"": 0.001, ""joint_vel"": 0.01, ""motor_targets"": 0.0}",False,,,2.0,5.0
pinch_sweep_size_rand-20260622-195014,TesolloCubePinch,TesolloCubePinch-20260622-212024-cubepinch_sb_propriotarget_s3,proprio.target,3,8,ok,True,0.85,1.15,1.0,1.0,0.0,0.0,0.0,0.001,0.01,"{""fingertip_force_dirs"": 0.0, ""fingertip_forces"": 0.0, ""joint_pos"": 0.001, ""joint_vel"": 0.01, ""motor_targets"": 0.0}",False,,,2.0,5.0
pinch_sweep_size_rand-20260622-195014,TesolloCubePinch,TesolloCubePinch-20260622-213146-cubepinch_sb_forcemagnitude_s1,force.magnitude,1,9,ok,True,0.85,1.15,1.0,1.0,0.0,0.0,0.0,0.001,0.01,"{""fingertip_force_dirs"": 0.0, ""fingertip_forces"": 0.0, ""joint_pos"": 0.001, ""joint_vel"": 0.01, ""motor_targets"": 0.0}",False,,,2.0,5.0
pinch_sweep_size_rand-20260622-195014,TesolloCubePinch,TesolloCubePinch-20260622-214305-cubepinch_sb_forcemagnitude_s2,force.magnitude,2,10,ok,True,0.85,1.15,1.0,1.0,0.0,0.0,0.0,0.001,0.01,"{""fingertip_force_dirs"": 0.0, ""fingertip_forces"": 0.0, ""joint_pos"": 0.001, ""joint_vel"": 0.01, ""motor_targets"": 0.0}",False,,,2.0,5.0
pinch_sweep_size_rand-20260622-195014,TesolloCubePinch,TesolloCubePinch-20260622-215428-cubepinch_sb_forcemagnitude_s3,force.magnitude,3,11,ok,True,0.85,1.15,1.0,1.0,0.0,0.0,0.0,0.001,0.01,"{""fingertip_force_dirs"": 0.0, ""fingertip_forces"": 0.0, ""joint_pos"": 0.001, ""joint_vel"": 0.01, ""motor_targets"": 0.0}",False,,,2.0,5.0
pinch_sweep_size_rand_sinusoid-20260624-142357,TesolloCubePinch,TesolloCubePinch-20260624-142406-cubepinch_sb_baseline_s6,baseline,6,0,ok,True,0.85,1.15,1.0,1.0,0.0,0.0,0.0,0.001,0.01,"{""fingertip_force_dirs"": 0.0, ""fingertip_forces"": 0.0, ""joint_pos"": 0.001, ""joint_vel"": 0.01, ""motor_targets"": 0.0}",False,True,2.0,2.0,5.0
pinch_sweep_size_rand_sinusoid-20260624-142357,TesolloCubePinch,TesolloCubePinch-20260624-144106-cubepinch_sb_baseline_s7,baseline,7,1,ok,True,0.85,1.15,1.0,1.0,0.0,0.0,0.0,0.001,0.01,"{""fingertip_force_dirs"": 0.0, ""fingertip_forces"": 0.0, ""joint_pos"": 0.001, ""joint_vel"": 0.01, ""motor_targets"": 0.0}",False,True,2.0,2.0,5.0
pinch_sweep_size_rand_sinusoid-20260624-142357,TesolloCubePinch,TesolloCubePinch-20260624-145808-cubepinch_sb_baseline_s8,baseline,8,2,ok,True,0.85,1.15,1.0,1.0,0.0,0.0,0.0,0.001,0.01,"{""fingertip_force_dirs"": 0.0, ""fingertip_forces"": 0.0, ""joint_pos"": 0.001, ""joint_vel"": 0.01, ""motor_targets"": 0.0}",False,True,2.0,2.0,5.0
pinch_sweep_size_rand_sinusoid-20260624-142357,TesolloCubePinch,TesolloCubePinch-20260624-151458-cubepinch_sb_baseline_s4,baseline,4,3,ok,True,0.85,1.15,1.0,1.0,0.0,0.0,0.0,0.001,0.01,"{""fingertip_force_dirs"": 0.0, ""fingertip_forces"": 0.0, ""joint_pos"": 0.001, ""joint_vel"": 0.01, ""motor_targets"": 0.0}",False,True,2.0,2.0,5.0
pinch_sweep_size_rand_sinusoid-20260624-142357,TesolloCubePinch,TesolloCubePinch-20260624-153202-cubepinch_sb_baseline_s5,baseline,5,4,ok,True,0.85,1.15,1.0,1.0,0.0,0.0,0.0,0.001,0.01,"{""fingertip_force_dirs"": 0.0, ""fingertip_forces"": 0.0, ""joint_pos"": 0.001, ""joint_vel"": 0.01, ""motor_targets"": 0.0}",False,True,2.0,2.0,5.0
pinch_sweep_size_rand_sinusoid-20260624-142357,TesolloCubePinch,TesolloCubePinch-20260624-154905-cubepinch_sb_propriotarget_s6,proprio.target,6,5,ok,True,0.85,1.15,1.0,1.0,0.0,0.0,0.0,0.001,0.01,"{""fingertip_force_dirs"": 0.0, ""fingertip_forces"": 0.0, ""joint_pos"": 0.001, ""joint_vel"": 0.01, ""motor_targets"": 0.0}",False,True,2.0,2.0,5.0
pinch_sweep_size_rand_sinusoid-20260624-142357,TesolloCubePinch,TesolloCubePinch-20260624-160603-cubepinch_sb_propriotarget_s7,proprio.target,7,6,ok,True,0.85,1.15,1.0,1.0,0.0,0.0,0.0,0.001,0.01,"{""fingertip_force_dirs"": 0.0, ""fingertip_forces"": 0.0, ""joint_pos"": 0.001, ""joint_vel"": 0.01, ""motor_targets"": 0.0}",False,True,2.0,2.0,5.0
pinch_sweep_size_rand_sinusoid-20260624-142357,TesolloCubePinch,TesolloCubePinch-20260624-162306-cubepinch_sb_propriotarget_s8,proprio.target,8,7,ok,True,0.85,1.15,1.0,1.0,0.0,0.0,0.0,0.001,0.01,"{""fingertip_force_dirs"": 0.0, ""fingertip_forces"": 0.0, ""joint_pos"": 0.001, ""joint_vel"": 0.01, ""motor_targets"": 0.0}",False,True,2.0,2.0,5.0
pinch_sweep_size_rand_sinusoid-20260624-142357,TesolloCubePinch,TesolloCubePinch-20260624-164003-cubepinch_sb_propriotarget_s4,proprio.target,4,8,ok,True,0.85,1.15,1.0,1.0,0.0,0.0,0.0,0.001,0.01,"{""fingertip_force_dirs"": 0.0, ""fingertip_forces"": 0.0, ""joint_pos"": 0.001, ""joint_vel"": 0.01, ""motor_targets"": 0.0}",False,True,2.0,2.0,5.0
pinch_sweep_size_rand_sinusoid-20260624-142357,TesolloCubePinch,TesolloCubePinch-20260624-165709-cubepinch_sb_propriotarget_s5,proprio.target,5,9,ok,True,0.85,1.15,1.0,1.0,0.0,0.0,0.0,0.001,0.01,"{""fingertip_force_dirs"": 0.0, ""fingertip_forces"": 0.0, ""joint_pos"": 0.001, ""joint_vel"": 0.01, ""motor_targets"": 0.0}",False,True,2.0,2.0,5.0
pinch_sweep_size_rand_sinusoid-20260624-142357,TesolloCubePinch,TesolloCubePinch-20260624-171403-cubepinch_sb_forcemagnitude_s6,force.magnitude,6,10,ok,True,0.85,1.15,1.0,1.0,0.0,0.0,0.0,0.001,0.01,"{""fingertip_force_dirs"": 0.0, ""fingertip_forces"": 0.0, ""joint_pos"": 0.001, ""joint_vel"": 0.01, ""motor_targets"": 0.0}",False,True,2.0,2.0,5.0
pinch_sweep_size_rand_sinusoid-20260624-142357,TesolloCubePinch,TesolloCubePinch-20260624-173106-cubepinch_sb_forcemagnitude_s7,force.magnitude,7,11,failed,True,0.85,1.15,1.0,1.0,0.0,0.0,0.0,0.001,0.01,"{""fingertip_force_dirs"": 0.0, ""fingertip_forces"": 0.0, ""joint_pos"": 0.001, ""joint_vel"": 0.01, ""motor_targets"": 0.0}",False,True,2.0,2.0,5.0
pinch_sweep_size_rand_sinusoid-20260624-142357,TesolloCubePinch,TesolloCubePinch-20260624-173716-cubepinch_sb_forcemagnitude_s8,force.magnitude,8,12,ok,True,0.85,1.15,1.0,1.0,0.0,0.0,0.0,0.001,0.01,"{""fingertip_force_dirs"": 0.0, ""fingertip_forces"": 0.0, ""joint_pos"": 0.001, ""joint_vel"": 0.01, ""motor_targets"": 0.0}",False,True,2.0,2.0,5.0
pinch_sweep_size_rand_sinusoid-20260624-142357,TesolloCubePinch,TesolloCubePinch-20260624-175411-cubepinch_sb_forcemagnitude_s4,force.magnitude,4,13,ok,True,0.85,1.15,1.0,1.0,0.0,0.0,0.0,0.001,0.01,"{""fingertip_force_dirs"": 0.0, ""fingertip_forces"": 0.0, ""joint_pos"": 0.001, ""joint_vel"": 0.01, ""motor_targets"": 0.0}",False,True,2.0,2.0,5.0
pinch_sweep_size_rand_sinusoid-20260624-142357,TesolloCubePinch,TesolloCubePinch-20260624-181110-cubepinch_sb_forcemagnitude_s5,force.magnitude,5,14,ok,True,0.85,1.15,1.0,1.0,0.0,0.0,0.0,0.001,0.01,"{""fingertip_force_dirs"": 0.0, ""fingertip_forces"": 0.0, ""joint_pos"": 0.001, ""joint_vel"": 0.01, ""motor_targets"": 0.0}",False,True,2.0,2.0,5.0
pinch_sweep_size_rand_sinusoid-20260624-142357,TesolloCubePinch,TesolloCubePinch-20260624-182805-cubepinch_sb_propriodelta_s6,proprio.delta,6,15,ok,True,0.85,1.15,1.0,1.0,0.0,0.0,0.0,0.001,0.01,"{""fingertip_force_dirs"": 0.0, ""fingertip_forces"": 0.0, ""joint_pos"": 0.001, ""joint_vel"": 0.01, ""motor_targets"": 0.0}",False,True,2.0,2.0,5.0
pinch_sweep_size_rand_sinusoid-20260624-142357,TesolloCubePinch,TesolloCubePinch-20260624-184508-cubepinch_sb_propriodelta_s7,proprio.delta,7,16,ok,True,0.85,1.15,1.0,1.0,0.0,0.0,0.0,0.001,0.01,"{""fingertip_force_dirs"": 0.0, ""fingertip_forces"": 0.0, ""joint_pos"": 0.001, ""joint_vel"": 0.01, ""motor_targets"": 0.0}",False,True,2.0,2.0,5.0
pinch_sweep_size_rand_sinusoid-20260624-142357,TesolloCubePinch,TesolloCubePinch-20260624-190210-cubepinch_sb_propriodelta_s8,proprio.delta,8,17,ok,True,0.85,1.15,1.0,1.0,0.0,0.0,0.0,0.001,0.01,"{""fingertip_force_dirs"": 0.0, ""fingertip_forces"": 0.0, ""joint_pos"": 0.001, ""joint_vel"": 0.01, ""motor_targets"": 0.0}",False,True,2.0,2.0,5.0
pinch_sweep_size_rand_sinusoid-20260624-142357,TesolloCubePinch,TesolloCubePinch-20260624-191904-cubepinch_sb_propriodelta_s4,proprio.delta,4,18,ok,True,0.85,1.15,1.0,1.0,0.0,0.0,0.0,0.001,0.01,"{""fingertip_force_dirs"": 0.0, ""fingertip_forces"": 0.0, ""joint_pos"": 0.001, ""joint_vel"": 0.01, ""motor_targets"": 0.0}",False,True,2.0,2.0,5.0
pinch_sweep_size_rand_sinusoid-20260624-142357,TesolloCubePinch,TesolloCubePinch-20260624-193607-cubepinch_sb_propriodelta_s5,proprio.delta,5,19,ok,True,0.85,1.15,1.0,1.0,0.0,0.0,0.0,0.001,0.01,"{""fingertip_force_dirs"": 0.0, ""fingertip_forces"": 0.0, ""joint_pos"": 0.001, ""joint_vel"": 0.01, ""motor_targets"": 0.0}",False,True,2.0,2.0,5.0
pinch_sweep_size_rand_sinusoid-20260623-133237,TesolloCubePinch,TesolloCubePinch-20260623-133246-cubepinch_sb_none_s1,none,1,0,ok,True,0.85,1.15,1.0,1.0,0.0,0.0,0.0,0.001,0.01,"{""fingertip_force_dirs"": 0.0, ""fingertip_forces"": 0.0, ""joint_pos"": 0.001, ""joint_vel"": 0.01, ""motor_targets"": 0.0}",False,True,2.0,2.0,5.0
pinch_sweep_size_rand_sinusoid-20260623-133237,TesolloCubePinch,TesolloCubePinch-20260623-134636-cubepinch_sb_none_s2,none,2,1,ok,True,0.85,1.15,1.0,1.0,0.0,0.0,0.0,0.001,0.01,"{""fingertip_force_dirs"": 0.0, ""fingertip_forces"": 0.0, ""joint_pos"": 0.001, ""joint_vel"": 0.01, ""motor_targets"": 0.0}",False,True,2.0,2.0,5.0
pinch_sweep_size_rand_sinusoid-20260623-133237,TesolloCubePinch,TesolloCubePinch-20260623-140037-cubepinch_sb_none_s3,none,3,2,ok,True,0.85,1.15,1.0,1.0,0.0,0.0,0.0,0.001,0.01,"{""fingertip_force_dirs"": 0.0, ""fingertip_forces"": 0.0, ""joint_pos"": 0.001, ""joint_vel"": 0.01, ""motor_targets"": 0.0}",False,True,2.0,2.0,5.0
pinch_sweep_size_rand_sinusoid-20260623-133237,TesolloCubePinch,TesolloCubePinch-20260623-141420-cubepinch_sb_baseline_s1,baseline,1,3,ok,True,0.85,1.15,1.0,1.0,0.0,0.0,0.0,0.001,0.01,"{""fingertip_force_dirs"": 0.0, ""fingertip_forces"": 0.0, ""joint_pos"": 0.001, ""joint_vel"": 0.01, ""motor_targets"": 0.0}",False,True,2.0,2.0,5.0
pinch_sweep_size_rand_sinusoid-20260623-133237,TesolloCubePinch,TesolloCubePinch-20260623-142829-cubepinch_sb_baseline_s2,baseline,2,4,ok,True,0.85,1.15,1.0,1.0,0.0,0.0,0.0,0.001,0.01,"{""fingertip_force_dirs"": 0.0, ""fingertip_forces"": 0.0, ""joint_pos"": 0.001, ""joint_vel"": 0.01, ""motor_targets"": 0.0}",False,True,2.0,2.0,5.0
pinch_sweep_size_rand_sinusoid-20260623-133237,TesolloCubePinch,TesolloCubePinch-20260623-144235-cubepinch_sb_baseline_s3,baseline,3,5,ok,True,0.85,1.15,1.0,1.0,0.0,0.0,0.0,0.001,0.01,"{""fingertip_force_dirs"": 0.0, ""fingertip_forces"": 0.0, ""joint_pos"": 0.001, ""joint_vel"": 0.01, ""motor_targets"": 0.0}",False,True,2.0,2.0,5.0
pinch_sweep_size_rand_sinusoid-20260623-133237,TesolloCubePinch,TesolloCubePinch-20260623-145638-cubepinch_sb_propriotarget_s1,proprio.target,1,6,ok,True,0.85,1.15,1.0,1.0,0.0,0.0,0.0,0.001,0.01,"{""fingertip_force_dirs"": 0.0, ""fingertip_forces"": 0.0, ""joint_pos"": 0.001, ""joint_vel"": 0.01, ""motor_targets"": 0.0}",False,True,2.0,2.0,5.0
pinch_sweep_size_rand_sinusoid-20260623-133237,TesolloCubePinch,TesolloCubePinch-20260623-151052-cubepinch_sb_propriotarget_s2,proprio.target,2,7,ok,True,0.85,1.15,1.0,1.0,0.0,0.0,0.0,0.001,0.01,"{""fingertip_force_dirs"": 0.0, ""fingertip_forces"": 0.0, ""joint_pos"": 0.001, ""joint_vel"": 0.01, ""motor_targets"": 0.0}",False,True,2.0,2.0,5.0
pinch_sweep_size_rand_sinusoid-20260623-133237,TesolloCubePinch,TesolloCubePinch-20260623-152507-cubepinch_sb_propriotarget_s3,proprio.target,3,8,ok,True,0.85,1.15,1.0,1.0,0.0,0.0,0.0,0.001,0.01,"{""fingertip_force_dirs"": 0.0, ""fingertip_forces"": 0.0, ""joint_pos"": 0.001, ""joint_vel"": 0.01, ""motor_targets"": 0.0}",False,True,2.0,2.0,5.0
pinch_sweep_size_rand_sinusoid-20260623-133237,TesolloCubePinch,TesolloCubePinch-20260623-153920-cubepinch_sb_forcemagnitude_s1,force.magnitude,1,9,ok,True,0.85,1.15,1.0,1.0,0.0,0.0,0.0,0.001,0.01,"{""fingertip_force_dirs"": 0.0, ""fingertip_forces"": 0.0, ""joint_pos"": 0.001, ""joint_vel"": 0.01, ""motor_targets"": 0.0}",False,True,2.0,2.0,5.0
pinch_sweep_size_rand_sinusoid-20260623-133237,TesolloCubePinch,TesolloCubePinch-20260623-155328-cubepinch_sb_forcemagnitude_s2,force.magnitude,2,10,ok,True,0.85,1.15,1.0,1.0,0.0,0.0,0.0,0.001,0.01,"{""fingertip_force_dirs"": 0.0, ""fingertip_forces"": 0.0, ""joint_pos"": 0.001, ""joint_vel"": 0.01, ""motor_targets"": 0.0}",False,True,2.0,2.0,5.0
pinch_sweep_size_rand_sinusoid-20260623-133237,TesolloCubePinch,TesolloCubePinch-20260623-160743-cubepinch_sb_forcemagnitude_s3,force.magnitude,3,11,ok,True,0.85,1.15,1.0,1.0,0.0,0.0,0.0,0.001,0.01,"{""fingertip_force_dirs"": 0.0, ""fingertip_forces"": 0.0, ""joint_pos"": 0.001, ""joint_vel"": 0.01, ""motor_targets"": 0.0}",False,True,2.0,2.0,5.0
pinch_sweep_size_rand_sinusoid-20260623-133237,TesolloCubePinch,TesolloCubePinch-20260623-162151-cubepinch_sb_propriodelta_s1,proprio.delta,1,12,ok,True,0.85,1.15,1.0,1.0,0.0,0.0,0.0,0.001,0.01,"{""fingertip_force_dirs"": 0.0, ""fingertip_forces"": 0.0, ""joint_pos"": 0.001, ""joint_vel"": 0.01, ""motor_targets"": 0.0}",False,True,2.0,2.0,5.0
pinch_sweep_size_rand_sinusoid-20260623-133237,TesolloCubePinch,TesolloCubePinch-20260623-163605-cubepinch_sb_propriodelta_s2,proprio.delta,2,13,ok,True,0.85,1.15,1.0,1.0,0.0,0.0,0.0,0.001,0.01,"{""fingertip_force_dirs"": 0.0, ""fingertip_forces"": 0.0, ""joint_pos"": 0.001, ""joint_vel"": 0.01, ""motor_targets"": 0.0}",False,True,2.0,2.0,5.0
pinch_sweep_size_rand_sinusoid-20260623-133237,TesolloCubePinch,TesolloCubePinch-20260623-165024-cubepinch_sb_propriodelta_s3,proprio.delta,3,14,ok,True,0.85,1.15,1.0,1.0,0.0,0.0,0.0,0.001,0.01,"{""fingertip_force_dirs"": 0.0, ""fingertip_forces"": 0.0, ""joint_pos"": 0.001, ""joint_vel"": 0.01, ""motor_targets"": 0.0}",False,True,2.0,2.0,5.0
downwards_sensor_sweep_120-20260625-124815,TesolloDownwardsRotateZ,TesolloDownwardsRotateZ-20260625-124824-downwardsrotatez_sb_forcemagnitude_s0,force.magnitude,0,0,ok,,,,,,,,1.0,0.0,0.0,"{""goal_quat"": 0.0, ""joint_pos"": 0.0, ""joint_vel"": 0.0, ""motor_targets"": 0.0}",False,,,,
downwards_sensor_sweep_120-20260625-124815,TesolloDownwardsRotateZ,TesolloDownwardsRotateZ-20260625-143857-downwardsrotatez_sb_forcemagnitude_s1,force.magnitude,1,1,ok,,,,,,,,1.0,0.0,0.0,"{""goal_quat"": 0.0, ""joint_pos"": 0.0, ""joint_vel"": 0.0, ""motor_targets"": 0.0}",False,,,,
downwards_sensor_sweep_120-20260625-124815,TesolloDownwardsRotateZ,TesolloDownwardsRotateZ-20260625-162937-downwardsrotatez_sb_forcemagnitude_s2,force.magnitude,2,2,ok,,,,,,,,1.0,0.0,0.0,"{""goal_quat"": 0.0, ""joint_pos"": 0.0, ""joint_vel"": 0.0, ""motor_targets"": 0.0}",False,,,,
downwards_sensor_sweep_120-20260625-124815,TesolloDownwardsRotateZ,TesolloDownwardsRotateZ-20260625-182059-downwardsrotatez_sb_baseline_s0,baseline,0,3,ok,,,,,,,,1.0,0.0,0.0,"{""goal_quat"": 0.0, ""joint_pos"": 0.0, ""joint_vel"": 0.0, ""motor_targets"": 0.0}",False,,,,
downwards_sensor_sweep_120-20260625-124815,TesolloDownwardsRotateZ,TesolloDownwardsRotateZ-20260625-201219-downwardsrotatez_sb_baseline_s1,baseline,1,4,ok,,,,,,,,1.0,0.0,0.0,"{""goal_quat"": 0.0, ""joint_pos"": 0.0, ""joint_vel"": 0.0, ""motor_targets"": 0.0}",False,,,,
downwards_sensor_sweep_120-20260625-124815,TesolloDownwardsRotateZ,TesolloDownwardsRotateZ-20260625-220243-downwardsrotatez_sb_baseline_s2,baseline,2,5,ok,,,,,,,,1.0,0.0,0.0,"{""goal_quat"": 0.0, ""joint_pos"": 0.0, ""joint_vel"": 0.0, ""motor_targets"": 0.0}",False,,,,
downwards_sensor_sweep_120-20260625-124815,TesolloDownwardsRotateZ,TesolloDownwardsRotateZ-20260625-235407-downwardsrotatez_sb_propriodelta_s0,proprio.delta,0,6,ok,,,,,,,,1.0,0.0,0.0,"{""goal_quat"": 0.0, ""joint_pos"": 0.0, ""joint_vel"": 0.0, ""motor_targets"": 0.0}",False,,,,
downwards_sensor_sweep_120-20260625-124815,TesolloDownwardsRotateZ,TesolloDownwardsRotateZ-20260626-014823-downwardsrotatez_sb_propriodelta_s1,proprio.delta,1,7,ok,,,,,,,,1.0,0.0,0.0,"{""goal_quat"": 0.0, ""joint_pos"": 0.0, ""joint_vel"": 0.0, ""motor_targets"": 0.0}",False,,,,
downwards_sensor_sweep_120-20260625-124815,TesolloDownwardsRotateZ,TesolloDownwardsRotateZ-20260626-033945-downwardsrotatez_sb_propriodelta_s2,proprio.delta,2,8,ok,,,,,,,,1.0,0.0,0.0,"{""goal_quat"": 0.0, ""joint_pos"": 0.0, ""joint_vel"": 0.0, ""motor_targets"": 0.0}",False,,,,
downwards_sensor_sweep_120-20260625-124815,TesolloDownwardsRotateZ,TesolloDownwardsRotateZ-20260626-053300-downwardsrotatez_sb_propriotarget_s0,proprio.target,0,9,ok,,,,,,,,1.0,0.0,0.0,"{""goal_quat"": 0.0, ""joint_pos"": 0.0, ""joint_vel"": 0.0, ""motor_targets"": 0.0}",False,,,,
downwards_sensor_sweep_120-20260625-124815,TesolloDownwardsRotateZ,TesolloDownwardsRotateZ-20260626-072314-downwardsrotatez_sb_propriotarget_s1,proprio.target,1,10,ok,,,,,,,,1.0,0.0,0.0,"{""goal_quat"": 0.0, ""joint_pos"": 0.0, ""joint_vel"": 0.0, ""motor_targets"": 0.0}",False,,,,
downwards_sensor_sweep_120-20260625-124815,TesolloDownwardsRotateZ,TesolloDownwardsRotateZ-20260626-091328-downwardsrotatez_sb_propriotarget_s2,proprio.target,2,11,ok,,,,,,,,1.0,0.0,0.0,"{""goal_quat"": 0.0, ""joint_pos"": 0.0, ""joint_vel"": 0.0, ""motor_targets"": 0.0}",False,,,,
